wda28,wda
Alamo,Alamo
Borderplex,Borderplex
Brazos Valley,Brazos Valley
Cameron County,Rio Grande Valley
Capital Area,Greater Austin
Central Texas,Central Texas
Coastal Bend,Coastal Bend
Concho Valley,Concho Valley
Deep East Texas,Deep East Texas
East Texas,East Texas
Golden Crescent,Golden Crescent
Greater Dallas,DFW
Gulf Coast,Gulf Coast
Heart Of Texas,The Heart of Texas
Lower Rio Grande,Rio Grande Valley
Middle Rio Grande,Middle Rio Grande
North Central,DFW
North Texas,North Texas
Northeast Texas,Northeast Texas
Panhandle,Panhandle
Permian Basin,Permian Basin
Rural Capital Area,Greater Austin
South Plains,South Plains
South Texas,South Texas
Southeast Texas,Southeast Texas
Tarrant County,DFW
Texoma,Texoma
West Central Texas,West Central Texas