"Job name","% of total workforce","FTEs","Automatable FTEs","Automatable %","Augmentable FTEs","Augmentable %","Unimpacted FTEs","Unimpacted %"
"Fast Food and Counter Workers","3.43","428338.92","297547.075","69.465","44355.193","10.355","86436.652","20.179"
"Retail Salespersons","3.287","410513.64","242628.963","59.104","89006.796","21.682","78877.881","19.214"
"Office Clerks, General","2.646","330408.44","189730.041","57.423","68930.237","20.862","71748.162","21.715"
"Cashiers","2.428","303175.24","236536.88","78.02","21486.951","7.087","45151.409","14.893"
"Customer Service Representatives","2.422","302455.95","200792.22","66.387","56330.668","18.624","45333.062","14.988"
"Heavy and Tractor-Trailer Truck Drivers","2.044","255204.591","127384.865","49.915","51428.357","20.152","76391.368","29.933"
"Waiters and Waitresses","1.79","223500.48","99137.658","44.357","78571.127","35.155","45791.695","20.488"
"Stockers and Order Fillers","1.553","193932.96","148800.633","76.728","7052.901","3.637","38079.427","19.635"
"Laborers and Freight, Stock, and Material Movers, Hand","1.558","194598.5","112949.579","58.042","32426.783","16.663","49222.139","25.294"
"Secretaries and Administrative Assistants, Except Legal, Medical, and Executive","1.37","171076.26","116529.76","68.116","15662.886","9.155","38883.614","22.729"
"Janitors and Cleaners, Except Maids and Housekeeping Cleaners","1.348","168285.99","62050.33","36.872","61418.133","36.496","44817.527","26.632"
"Bookkeeping, Accounting, and Auditing Clerks","1.099","137254.72","120477.306","87.776","1221.886","0.89","15555.528","11.333"
"Registered Nurses","1.856","231717.48","55583.552","23.988","61457.797","26.523","114676.13","49.49"
"General and Operations Managers","1.854","231551.65","17722.175","7.654","76331.181","32.965","137498.293","59.381"
"Home Health and Personal Care Aides","2.609","325784","35076.157","10.767","55076.599","16.906","235631.244","72.327"
"Accountants and Auditors","0.914","114145.53","42763.416","37.464","46540.329","40.773","24841.785","21.763"
"Sales Representatives, Wholesale and Manufacturing, Except Technical and Scientific Products","0.961","120062.2","41591.61","34.642","39716.18","33.08","38754.41","32.279"
"Project Management Specialists and Business Operations Specialists, All Other","0.94","117380.54","49441.145","42.12","31320.858","26.683","36618.538","31.196"
"Cooks, Restaurant","0.954","119126.71","34926.81","29.319","43409.665","36.44","40790.235","34.241"
"Sales Representatives of Services, Except Advertising, Insurance, Financial Services, and Travel","0.876","109351.76","37507.236","34.3","35405.083","32.377","36439.442","33.323"
"Medical Secretaries and Administrative Assistants","0.689","86068.41","69349.442","80.575","1779.306","2.067","14939.662","17.358"
"Elementary School Teachers, Except Special Education","1.134","141554.07","3332.777","2.354","66861.9","47.234","71359.393","50.411"
"First-Line Supervisors of Office and Administrative Support Workers","0.951","118717.22","18529.989","15.609","49135.622","41.389","51051.609","43.003"
"First-Line Supervisors of Retail Sales Workers","0.881","109961.82","40506.662","36.837","26082.549","23.72","43372.609","39.443"
"Construction Laborers","0.961","119981.38","34238.362","28.536","30195.082","25.166","55547.937","46.297"
"Secondary School Teachers, Except Special and Career/Technical Education","0.921","115071.56","5914.003","5.139","56137.366","48.785","53020.191","46.076"
"Receptionists and Information Clerks","0.607","75752.37","55686.828","73.512","5740.087","7.577","14325.455","18.911"
"Light Truck Drivers","0.638","79671.81","42975.393","53.941","18412.101","23.11","18284.316","22.95"
"Shipping, Receiving, and Inventory Clerks","0.58","72374.9","53663.895","74.147","5050.677","6.978","13660.328","18.874"
"Industrial Truck and Tractor Operators","0.65","81216.38","41182.363","50.707","15958.513","19.649","24075.504","29.644"
"Maintenance and Repair Workers, General","0.964","120410.5","35225.126","29.254","20898.808","17.356","64286.567","53.39"
"Maids and Housekeeping Cleaners","0.625","78069.48","27812.253","35.625","27650.449","35.418","22606.778","28.957"
"Software Developers and Software Quality Assurance Analysts and Testers","0.89","111148.6","3084.14","2.775","50102.024","45.077","57962.437","52.149"
"Substitute Teachers, Short-Term","0.697","86978.32","12619.359","14.509","39339.349","45.229","35019.611","40.262"
"Teaching Assistants, Except Postsecondary","0.754","94201.32","21063.548","22.36","30820.011","32.717","42317.761","44.923"
"Miscellaneous Assemblers and Fabricators","0.672","83938.45","43490.869","51.813","7667.381","9.135","32780.2","39.053"
"Food Preparation Workers","0.48","59894.07","48664.497","81.251","0","0","11229.573","18.749"
"First-Line Supervisors of Food Preparation and Serving Workers","0.758","94706.94","26427.501","27.905","19018.878","20.082","49260.561","52.014"
"Landscaping and Groundskeeping Workers","0.504","62925.75","17100.269","27.175","27748.892","44.098","18076.588","28.727"
"Security Guards","0.729","90979.98","20559.088","22.597","23002.534","25.283","47418.358","52.12"
"Billing and Posting Clerks","0.373","46548.56","38253.587","82.18","2535.444","5.447","5759.529","12.373"
"Medical Assistants","0.562","70203.31","23979.888","34.158","15356.492","21.874","30866.93","43.968"
"Tellers","0.345","43035.12","36138.263","83.974","3181.728","7.393","3715.129","8.633"
"Welders, Cutters, Solderers, and Brazers","0.428","53391.48","35596.839","66.671","3610.49","6.762","14184.151","26.566"
"Passenger Vehicle Drivers, Except Bus Drivers, Transit and Intercity","0.421","52558.73","38537.884","73.323","0","0","14020.846","26.677"
"Human Resources Specialists","0.395","49329.23","13189.978","26.739","23637.537","47.918","12501.714","25.343"
"Dining Room and Cafeteria Attendants and Bartender Helpers","0.369","46028.36","31935.146","69.381","4750.923","10.322","9342.291","20.297"
"Inspectors, Testers, Sorters, Samplers, and Weighers","0.419","52262.49","35344.618","67.629","141.796","0.271","16776.076","32.1"
"Driver/Sales Workers","0.35","43688.87","24508.681","56.098","10592.621","24.246","8587.569","19.656"
"Computer User Support Specialists","0.498","62193.36","19611.329","31.533","15075.025","24.239","27507.006","44.228"
"Financial and Investment Analysts, Financial Risk Specialists, and Financial Specialists, All Other","0.321","40073.78","8628.151","21.531","24572.81","61.319","6872.818","17.15"
"Counter and Rental Clerks","0.363","45282.22","31568.121","69.714","1025.252","2.264","12688.847","28.022"
"Licensed Practical and Licensed Vocational Nurses","0.596","74394.11","13903.928","18.69","18442.912","24.791","42047.271","56.52"
"Bartenders","0.348","43429.65","28386.373","65.362","3511.73","8.086","11531.547","26.552"
"Cooks, Fast Food","0.313","39129.89","27648.213","70.658","2139.609","5.468","9342.068","23.875"
"Financial Managers","0.38","47418.78","16558.649","34.92","13016.416","27.45","17843.716","37.63"
"Pharmacy Technicians","0.299","37292.54","29414.035","78.874","0","0","7878.505","21.126"
"Nursing Assistants","0.689","86044.56","17257.077","20.056","12137.234","14.106","56650.248","65.838"
"Network and Computer Systems Administrators","0.286","35769.02","5351.458","14.961","23585.382","65.938","6832.18","19.101"
"Securities, Commodities, and Financial Services Sales Agents","0.317","39626.16","12430.332","31.369","16157.468","40.775","11038.36","27.856"
"Executive Secretaries and Executive Administrative Assistants","0.305","38113.9","23960.913","62.867","4174.416","10.952","9978.571","26.181"
"Childcare Workers","0.444","55448.64","7518.546","13.559","20414.43","36.817","27515.663","49.624"
"Buyers and Purchasing Agents","0.298","37231.83","15100.906","40.559","12630.132","33.923","9500.792","25.518"
"First-Line Supervisors of Construction Trades and Extraction Workers","0.627","78236.17","4314.625","5.515","22884.05","29.25","51037.495","65.235"
"Production, Planning, and Expediting Clerks","0.291","36283.29","25029.386","68.983","1657.562","4.568","9596.342","26.448"
"Dishwashers","0.282","35156.97","26246.064","74.654","0","0","8910.906","25.346"
"Packers and Packagers, Hand","0.243","30288.69","25261.096","83.401","0","0","5027.594","16.599"
"Helpers--Production Workers","0.264","32909.11","24351.691","73.997","888.47","2.7","7668.949","23.303"
"Automotive Service Technicians and Mechanics","0.431","53818.73","15224.736","28.289","9754.127","18.124","28839.867","53.587"
"Market Research Analysts and Marketing Specialists","0.284","35484.84","0","0","24754.054","69.76","10730.786","30.24"
"First-Line Supervisors of Production and Operating Workers","0.424","53003.43","9329.627","17.602","15234.822","28.743","28438.981","53.655"
"First-Line Supervisors of Mechanics, Installers, and Repairers","0.36","45002.47","10717.257","23.815","13714.685","30.475","20570.528","45.71"
"Operating Engineers and Other Construction Equipment Operators","0.367","45782.66","13427.515","29.329","10982.376","23.988","21372.77","46.683"
"Electricians","0.542","67682.37","8126.202","12.006","16104.065","23.794","43452.102","64.2"
"First-Line Supervisors of Transportation and Material Moving Workers, Except Aircraft Cargo Handling Supervisors","0.373","46584.67","16609.498","35.654","7527.38","16.158","22447.792","48.187"
"Police and Sheriff's Patrol Officers","0.342","42761.2","13493.057","31.554","10606.341","24.804","18661.802","43.642"
"Cleaners of Vehicles and Equipment","0.302","37740.56","18515.656","49.06","5257.636","13.931","13967.268","37.009"
"Insurance Claims and Policy Processing Clerks","0.235","29378.4","20498.903","69.775","2916.468","9.927","5963.029","20.297"
"Computer Systems Analysts","0.424","52929.98","3894.82","7.358","18776.642","35.474","30258.518","57.167"
"Industrial Machinery Mechanics","0.356","44434.91","19607.866","44.127","2734.432","6.154","22092.613","49.719"
"Plumbers, Pipefitters, and Steamfitters","0.369","46062.17","6026.119","13.083","16261.161","35.303","23774.889","51.615"
"Insurance Sales Agents","0.269","33615.76","10495.745","31.223","11374.611","33.837","11745.404","34.94"
"Bill and Account Collectors","0.224","28004.66","18444.267","65.861","2992.526","10.686","6567.867","23.453"
"Management Analysts","0.306","38256.67","0","0","21148.913","55.282","17107.756","44.718"
"Hosts and Hostesses, Restaurant, Lounge, and Coffee Shop","0.268","33408.92","17290.761","51.755","2910.403","8.711","13207.756","39.534"
"Parts Salespersons","0.197","24596.83","17625.508","71.658","2064.391","8.393","4906.931","19.949"
"Hotel, Motel, and Resort Desk Clerks","0.202","25238.58","19131.286","75.802","121.844","0.483","5985.45","23.715"
"Machinists","0.236","29503.39","15518.335","52.598","3415.406","11.576","10569.65","35.825"
"Roustabouts, Oil and Gas","0.213","26539.32","15473.039","58.302","3226.873","12.159","7839.408","29.539"
"Reservation and Transportation Ticket Agents and Travel Clerks","0.188","23445.24","16714.98","71.294","1689.551","7.206","5040.709","21.5"
"Sales Representatives, Wholesale and Manufacturing, Technical and Scientific Products","0.21","26192.24","9707.226","37.061","8462.918","32.311","8022.096","30.628"
"Lawyers","0.332","41426.39","0","0","18071.81","43.624","23354.58","56.376"
"Packaging and Filling Machine Operators and Tenders","0.188","23428.34","18028.598","76.952","0","0","5399.742","23.048"
"Correctional Officers and Jailers","0.271","33820.32","10980.57","32.467","6966.028","20.597","15873.723","46.935"
"Dispatchers, Except Police, Fire, and Ambulance","0.197","24654","17278.958","70.086","371.047","1.505","7003.994","28.409"
"Computer and Information Systems Managers","0.214","26743.74","360.62","1.348","16945.47","63.362","9437.65","35.289"
"Loan Interviewers and Clerks","0.173","21612.59","17295.247","80.024","0","0","4317.343","19.976"
"Paralegals and Legal Assistants","0.207","25815.17","13480.105","52.218","3325.355","12.881","9009.709","34.901"
"Administrative Services and Facilities Managers","0.235","29330.47","4543.337","15.49","11954.74","40.759","12832.393","43.751"
"Cooks, Institution and Cafeteria","0.242","30195.3","12318.568","40.796","3880.998","12.853","13995.734","46.351"
"Data Entry Keyers","0.142","17776.19","16066.206","90.38","0","0","1709.984","9.62"
"Claims Adjusters, Examiners, and Investigators","0.169","21058.26","3987.518","18.936","12035.887","57.155","5034.855","23.909"
"Loan Officers","0.177","22073.2","6075.72","27.525","9944.904","45.054","6052.576","27.42"
"Computer Occupations, All Other","0.204","25499.61","4308.044","16.895","10921.127","42.829","10270.439","40.277"
"Medical Dosimetrists, Medical Records Specialists, and Health Technologists and Technicians, All Other","0.239","29804.27","10164.829","34.105","4888.96","16.404","14750.481","49.491"
"Carpenters","0.199","24900.94","10070.355","40.442","4965.629","19.942","9864.956","39.617"
"Tutors and Teachers and Instructors, All Other","0.175","21860.28","1312.168","6.003","13451.217","61.533","7096.896","32.465"
"Compliance Officers","0.192","23914.28","7243.653","30.29","7435.342","31.092","9235.286","38.618"
"Clinical Laboratory Technologists and Technicians","0.23","28766.35","10271.8","35.708","4293.02","14.924","14201.53","49.369"
"Public Relations Specialists","0.211","26330.28","4261.881","16.186","10286.865","39.069","11781.534","44.745"
"Hairdressers, Hairstylists, and Cosmetologists","0.271","33804.19","2880.164","8.52","11628.93","34.401","19295.096","57.079"
"Electrical, Electronic, and Electromechanical Assemblers, Except Coil Winders, Tapers, and Finishers","0.188","23521.59","9451.35","40.182","5037.256","21.415","9032.984","38.403"
"Painters, Construction and Maintenance","0.169","21092.27","4703.974","22.302","9686.659","45.925","6701.637","31.773"
"Training and Development Specialists","0.216","26924.45","1590.519","5.907","12685.299","47.114","12648.632","46.978"
"Education Administrators, Kindergarten through Secondary","0.257","32086.21","566.732","1.766","13653.533","42.553","17865.945","55.681"
"Cement Masons and Concrete Finishers","0.186","23263.91","13301.094","57.175","842.66","3.622","9120.156","39.203"
"Educational, Guidance, and Career Counselors and Advisors","0.218","27250.18","1948.591","7.151","12194.725","44.751","13106.864","48.098"
"Pharmacists","0.177","22057.69","9430.24","42.753","4201.436","19.047","8426.013","38.2"
"Dental Assistants","0.272","33923.39","7876.451","23.218","5557.408","16.382","20489.531","60.399"
"Sales Managers","0.246","30700.13","1448.949","4.72","11907.152","38.785","17344.03","56.495"
"Exercise Trainers and Group Fitness Instructors","0.195","24304.53","256.509","1.055","12682.616","52.182","11365.405","46.762"
"Amusement and Recreation Attendants","0.16","19946.52","11495.773","57.633","1217.136","6.102","7233.611","36.265"
"Food Servers, Nonrestaurant","0.144","18008.18","11040.715","61.309","1627.785","9.039","5339.68","29.651"
"Construction Managers","0.293","36635.9","1999.863","5.459","10437.19","28.489","24198.847","66.052"
"Information and Record Clerks, All Other","0.116","14487.66","12135.282","83.763","156.026","1.077","2196.352","15.16"
"Computer Network Support Specialists","0.12","15028.22","5877.496","39.11","6342.043","42.201","2808.682","18.689"
"Cost Estimators","0.148","18504.79","7667.354","41.434","4510.811","24.376","6326.625","34.189"
"Telecommunications Equipment Installers and Repairers, Except Line Installers","0.167","20874.12","3938.227","18.867","8081.037","38.713","8854.855","42.42"
"Cutting, Punching, and Press Machine Setters, Operators, and Tenders, Metal and Plastic","0.122","15224.12","11081.769","72.791","543.861","3.572","3598.49","23.637"
"Coating, Painting, and Spraying Machine Setters, Operators, and Tenders","0.12","15012.37","11343.647","75.562","0","0","3668.723","24.438"
"Laundry and Dry-Cleaning Workers","0.122","15176.09","10041.335","66.165","1258.25","8.291","3876.505","25.544"
"Civil Engineers","0.21","26200.71","2955.711","11.281","8327.389","31.783","14917.61","56.936"
"Instructional Coordinators","0.154","19188.52","0","0","11247.313","58.615","7941.207","41.385"
"Bakers","0.113","14119.22","11102.033","78.631","72.193","0.511","2944.995","20.858"
"Payroll and Timekeeping Clerks","0.099","12367.86","8879.015","71.791","2188.224","17.693","1300.621","10.516"
"Health Specialties Teachers, Postsecondary","0.154","19247.17","1074.861","5.585","9973.758","51.819","8198.55","42.596"
"Service Unit Operators, Oil and Gas","0.17","21227.08","6864.554","32.339","3976.692","18.734","10385.833","48.927"
"Bus and Truck Mechanics and Diesel Engine Specialists","0.225","28152.42","7111.032","25.259","3636.881","12.919","17404.507","61.822"
"Butchers and Meat Cutters","0.113","14104.56","10135.603","71.86","518.984","3.68","3449.973","24.46"
"Computer Programmers","0.16","20030.44","632.739","3.159","9947.21","49.66","9450.491","47.181"
"First-Line Supervisors of Non-Retail Sales Workers","0.192","23984.09","1135.827","4.736","9336.952","38.93","13511.311","56.334"
"Cooks, Short Order","0.111","13859.12","10249.652","73.956","191.282","1.38","3418.186","24.664"
"Personal Service Managers, All Other; Entertainment and Recreation Managers, Except Gambling; and Managers, All Other","0.193","24058.74","1910.032","7.939","8374.627","34.809","13774.081","57.252"
"Personal Financial Advisors","0.101","12588.07","7049.707","56.003","3229.239","25.653","2309.124","18.344"
"Merchandise Displayers and Window Trimmers","0.133","16557.6","847.932","5.121","9409.052","56.826","6300.617","38.053"
"Social and Human Service Assistants","0.149","18626.91","4038.484","21.681","6033.423","32.391","8555.003","45.928"
"Preschool Teachers, Except Special Education","0.29","36264.18","1659.469","4.576","8358.227","23.048","26246.485","72.376"
"Industrial Engineers","0.156","19496.94","3037.958","15.582","6885.578","35.316","9573.404","49.102"
"Physicians, All Other; and Ophthalmologists, Except Pediatric","0.195","24367.16","2799.874","11.49","7109.685","29.177","14457.601","59.332"
"Tire Repairers and Changers","0.116","14436.43","9447.026","65.439","329.133","2.28","4660.271","32.281"
"Sales and Related Workers, All Other","0.104","12954.93","9598.187","74.089","98.788","0.763","3257.955","25.148"
"Mechanical Engineers","0.179","22296.32","999.644","4.483","8677.214","38.918","12619.462","56.599"
"Heating, Air Conditioning, and Refrigeration Mechanics and Installers","0.219","27350.71","1702.844","6.226","7793.546","28.495","17854.32","65.279"
"Telecommunications Line Installers and Repairers","0.123","15412.13","2182.125","14.158","7172.579","46.539","6057.426","39.303"
"Telemarketers","0.094","11724.14","8823.631","75.26","491.818","4.195","2408.692","20.545"
"Petroleum Engineers","0.146","18229.53","3634.316","19.936","5617.364","30.815","8977.85","49.249"
"Order Clerks","0.093","11579.88","8164.37","70.505","793.032","6.848","2622.479","22.647"
"Chemical Equipment Operators and Tenders","0.117","14559.38","7618.17","52.325","1324.559","9.098","5616.651","38.578"
"File Clerks","0.083","10388.71","8783.523","84.549","132.551","1.276","1472.636","14.175"
"Installation, Maintenance, and Repair Workers, All Other","0.087","10868.38","8882.962","81.732","0","0","1985.418","18.268"
"Multiple Machine Tool Setters, Operators, and Tenders, Metal and Plastic","0.1","12439.71","7500.173","60.292","1344.396","10.807","3595.14","28.901"
"Cargo and Freight Agents","0.09","11284.01","8662.943","76.772","60.203","0.534","2560.864","22.695"
"Legal Secretaries and Administrative Assistants","0.091","11415.32","8299.691","72.707","410.065","3.592","2705.564","23.701"
"Real Estate Sales Agents","0.134","16758.38","1677.685","10.011","6969.604","41.589","8111.091","48.4"
"Child, Family, and School Social Workers","0.14","17494.9","1895.142","10.833","6732.484","38.483","8867.274","50.685"
"Automotive and Watercraft Service Attendants","0.103","12868.65","6872.158","53.402","1748.255","13.585","4248.236","33.012"
"Property, Real Estate, and Community Association Managers","0.166","20685.88","3863.57","18.677","4687.196","22.659","12135.115","58.664"
"Self-Enrichment Teachers","0.099","12345.25","732.026","5.93","7727.357","62.594","3885.867","31.477"
"Medical and Health Services Managers","0.28","35010.85","0","0","8325.22","23.779","26685.63","76.221"
"Coaches and Scouts","0.122","15194.43","1253.479","8.25","7032.649","46.284","6908.302","45.466"
"Human Resources Assistants, Except Payroll and Timekeeping","0.088","10971","4244.191","38.686","3972.089","36.205","2754.721","25.109"
"Emergency Medical Technicians and Paramedics","0.154","19282.43","2285.961","11.855","5801.892","30.089","11194.576","58.056"
"Mobile Heavy Equipment Mechanics, Except Engines","0.147","18308.82","5783.776","31.59","2158.667","11.79","10366.377","56.62"
"Interviewers, Except Eligibility and Loan","0.086","10748.44","6765.869","62.947","1105.974","10.29","2876.598","26.763"
"Bus Drivers, Transit and Intercity","0.085","10674.64","7779.84","72.882","26.466","0.248","2868.334","26.871"
"Graphic Designers","0.107","13384","0","0","7704.8","57.567","5679.2","42.433"
"Structural Metal Fabricators and Fitters","0.082","10259.92","6453.594","62.901","1248.578","12.169","2557.747","24.93"
"Firefighters","0.147","18412.58","1558.815","8.466","6142.649","33.361","10711.116","58.173"
"Production Workers, All Other","0.076","9501.77","7624.481","80.243","0","0","1877.289","19.757"
"Food Service Managers","0.127","15797.16","4418.148","27.968","3194.306","20.221","8184.705","51.811"
"First-Line Supervisors of Personal Service and Entertainment and Recreation Workers, Except Gambling Services","0.12","14940.17","722.226","4.834","6856.944","45.896","7361","49.27"
"Sewing Machine Operators","0.075","9313","7538.648","80.948","0","0","1774.352","19.052"
"Information Security Analysts","0.083","10384.12","2286.107","22.015","5232.666","50.391","2865.347","27.594"
"Agricultural Equipment Operators","0.104","13004.4","6258.074","48.123","1249.103","9.605","5497.223","42.272"
"Recreation Workers","0.165","20590.7","1539.716","7.478","5895.208","28.63","13155.776","63.892"
"Food Batchmakers","0.085","10664.31","6943.937","65.114","456.004","4.276","3264.369","30.61"
"Printing Press Operators","0.078","9763.54","6757.855","69.215","473.726","4.852","2531.958","25.933"
"Marketing Managers","0.128","16043.94","1028.475","6.41","6055.833","37.745","8959.633","55.844"
"Parking Attendants","0.084","10544.1","6507.239","61.715","560.169","5.313","3476.693","32.973"
"Electrical Engineers","0.12","15042.21","952.232","6.33","6040.612","40.158","8049.366","53.512"
"Career/Technical Education Teachers, Secondary School","0.103","12879.31","570.211","4.427","6412.088","49.786","5897.011","45.787"
"Cabinetmakers and Bench Carpenters","0.072","8970.73","5349.062","59.628","1618.951","18.047","2002.718","22.325"
"Ushers, Lobby Attendants, and Ticket Takers","0.083","10402.89","6643.144","63.859","315.265","3.031","3444.481","33.111"
"Computer Numerically Controlled Tool Operators","0.082","10182.91","6873.186","67.497","74.583","0.732","3235.141","31.77"
"Speech-Language Pathologists","0.125","15578.49","0","0","6907.95","44.343","8670.54","55.657"
"Teaching Assistants, Postsecondary","0.082","10193.91","1756.852","17.234","5143.088","50.453","3293.969","32.313"
"Molding, Coremaking, and Casting Machine Setters, Operators, and Tenders, Metal and Plastic","0.072","9033.94","6620.322","73.283","238.883","2.644","2174.736","24.073"
"Radiologic Technologists and Technicians","0.138","17261.1","2848.276","16.501","3993.761","23.137","10419.063","60.362"
"Farmworkers and Laborers, Crop, Nursery, and Greenhouse","0.093","11592.61","5072.81","43.759","1643.688","14.179","4876.111","42.062"
"Animal Caretakers","0.141","17548.67","2199.607","12.534","4478.218","25.519","10870.845","61.947"
"Computer Network Architects","0.103","12844.86","854.985","6.656","5735.718","44.654","6254.157","48.69"
"Industrial Production Managers","0.113","14140.77","2490.555","17.613","4066.862","28.76","7583.353","53.628"
"Structural Iron and Steel Workers","0.078","9801.93","3661.823","37.358","2892.582","29.51","3247.525","33.131"
"Petroleum Pump System Operators, Refinery Operators, and Gaugers","0.096","11991.62","6216.457","51.84","312.414","2.605","5462.75","45.555"
"Helpers--Installation, Maintenance, and Repair Workers","0.126","15759.13","5304.952","33.663","1172.845","7.442","9281.333","58.895"
"Helpers--Pipelayers, Plumbers, Pipefitters, and Steamfitters","0.101","12627.46","4299.948","34.052","2171.848","17.199","6155.664","48.748"
"Logisticians","0.124","15480.45","996.615","6.438","5465.664","35.307","9018.171","58.255"
"Architectural and Civil Drafters","0.088","11004.74","539.898","4.906","5865.794","53.302","4599.049","41.792"
"Career/Technical Education Teachers, Postsecondary","0.087","10802.77","375.885","3.48","6018.675","55.714","4408.21","40.806"
"Helpers--Electricians","0.094","11751.7","3094.279","26.33","3274.16","27.861","5383.261","45.808"
"Electronics Engineers, Except Computer","0.096","11953.93","1254.375","10.493","5094.532","42.618","5605.024","46.889"
"Court, Municipal, and License Clerks","0.069","8611.09","5687.265","66.046","578.975","6.724","2344.85","27.231"
"Nurse Practitioners","0.109","13607.29","2658.293","19.536","3589.1","26.376","7359.897","54.088"
"Librarians and Media Collections Specialists","0.075","9420.91","3589.836","38.105","2640.837","28.032","3190.238","33.863"
"Computer, Automated Teller, and Office Machine Repairers","0.075","9341.07","5135.815","54.981","1030.996","11.037","3174.26","33.982"
"Automotive Body and Related Repairers","0.094","11768.04","4296.762","36.512","1748.67","14.859","5722.609","48.628"
"Detectives and Criminal Investigators","0.093","11631.3","2582.562","22.204","3461.324","29.759","5587.414","48.038"
"Sales Engineers","0.071","8922.15","1433.008","16.061","4609.053","51.659","2880.089","32.28"
"Refuse and Recyclable Material Collectors","0.062","7764.23","6002.49","77.31","0","0","1761.74","22.69"
"Web Developers and Digital Interface Designers","0.071","8832.4","1468.027","16.621","4498.88","50.936","2865.493","32.443"
"Electrical Power-Line Installers and Repairers","0.108","13424.81","1331.79","9.92","4524.097","33.7","7568.923","56.38"
"First-Line Supervisors of Housekeeping and Janitorial Workers","0.083","10424.91","1745.426","16.743","4049.345","38.843","4630.139","44.414"
"Insurance Underwriters","0.057","7094.43","3862.421","54.443","1926.712","27.158","1305.298","18.399"
"Physical Therapists","0.127","15880.29","1412.865","8.897","4357.359","27.439","10110.065","63.664"
"Farmworkers, Farm, Ranch, and Aquacultural Animals","0.075","9353.53","3490.76","37.32","2235.125","23.896","3627.645","38.784"
"Mixing and Blending Machine Setters, Operators, and Tenders","0.059","7358.29","5309.352","72.155","347.564","4.723","1701.374","23.122"
"Electrical and Electronic Engineering Technologists and Technicians","0.09","11264.68","1350.084","11.985","4258.567","37.805","5656.029","50.21"
"New Accounts Clerks","0.052","6478.62","5603.433","86.491","0","0","875.187","13.509"
"Operations Research Analysts","0.074","9285.96","2138.215","23.026","3430.191","36.94","3717.554","40.034"
"Education Administrators, Postsecondary","0.089","11140","105.851","0.95","5398.418","48.46","5635.731","50.59"
"Surveying and Mapping Technicians","0.071","8810.24","3416.803","38.782","2039.654","23.151","3353.783","38.067"
"Aircraft Mechanics and Service Technicians","0.106","13267.99","3025.962","22.806","2420.071","18.24","7821.957","58.954"
"Database Administrators and Architects","0.089","11105.77","2838.496","25.559","2590.96","23.33","5676.314","51.111"
"Kindergarten Teachers, Except Special Education","0.136","16925.82","0","0","5425.426","32.054","11500.394","67.946"
"Veterinary Technologists and Technicians","0.096","11992.14","3413.824","28.467","1975.451","16.473","6602.865","55.06"
"Special Education Teachers, Kindergarten and Elementary School","0.134","16735.57","1102.589","6.588","4282.993","25.592","11349.988","67.82"
"Sheet Metal Workers","0.082","10242.33","3697.772","36.103","1655.458","16.163","4889.1","47.734"
"Transportation, Storage, and Distribution Managers","0.111","13875.5","1076.743","7.76","4275.075","30.81","8523.683","61.43"
"Lifeguards, Ski Patrol, and Other Recreational Protective Service Workers","0.095","11900.85","1780.374","14.96","3548.41","29.816","6572.065","55.223"
"Calibration Technologists and Technicians and Engineering Technologists and Technicians, Except Drafters, All Other","0.072","9031.09","4743.394","52.523","543.543","6.019","3744.153","41.458"
"Title Examiners, Abstractors, and Searchers","0.051","6389.02","5172.07","80.952","60.537","0.948","1156.413","18.1"
"Couriers and Messengers","0.053","6568.13","5202.392","79.207","0","0","1365.738","20.793"
"Graders and Sorters, Agricultural Products","0.049","6133.56","5199.409","84.77","0","0","934.151","15.23"
"Architectural and Engineering Managers","0.116","14443.43","0","0","5126.073","35.491","9317.357","64.509"
"Advertising Sales Agents","0.061","7669.15","1144.307","14.921","3951.628","51.526","2573.215","33.553"
"Slaughterers and Meat Packers","0.048","5992.64","5070.381","84.61","0","0","922.259","15.39"
"Office and Administrative Support Workers, All Other","0.051","6353.1","3691.077","58.099","1347.39","21.208","1314.633","20.693"
"Credit Analysts","0.05","6301.61","1909.442","30.301","3121.598","49.537","1270.57","20.163"
"Eligibility Interviewers, Government Programs","0.06","7522.1","4559.755","60.618","421.785","5.607","2540.56","33.775"
"Dental Hygienists","0.123","15396.14","3014.9","19.582","1943.015","12.62","10438.225","67.798"
"Human Resources Managers","0.079","9865.92","528.976","5.362","4419.472","44.795","4917.471","49.843"
"Pest Control Workers","0.058","7268.93","2255.756","31.033","2649.205","36.446","2363.969","32.522"
"Architects, Except Landscape and Naval","0.073","9166.93","606.474","6.616","4274.736","46.632","4285.72","46.752"
"Drywall and Ceiling Tile Installers","0.06","7441.99","4327.238","58.146","500.295","6.723","2614.456","35.131"
"Substance Abuse, Behavioral Disorder, and Mental Health Counselors","0.09","11176.76","632.022","5.655","4191.234","37.5","6353.504","56.846"
"Control and Valve Installers and Repairers, Except Mechanical Door","0.076","9491.26","3954.872","41.669","837.61","8.825","4698.778","49.506"
"School Bus Monitors and Protective Service Workers, All Other","0.077","9614.35","3726.468","38.759","1065.638","11.084","4822.245","50.157"
"Respiratory Therapists","0.101","12592.1","910.793","7.233","3869.146","30.727","7812.161","62.04"
"Meat, Poultry, and Fish Cutters and Trimmers","0.047","5815.68","4007.693","68.912","748.046","12.863","1059.941","18.226"
"Mail Clerks and Mail Machine Operators, Except Postal Service","0.045","5572.15","4513.009","80.992","214.314","3.846","844.827","15.162"
"Special Education Teachers, Secondary School","0.119","14838.12","67.38","0.454","4509.292","30.39","10261.448","69.156"
"Procurement Clerks","0.043","5342.76","3274.193","61.283","1258.381","23.553","810.187","15.164"
"Paper Goods Machine Setters, Operators, and Tenders","0.047","5877.34","4529.291","77.064","0","0","1348.049","22.936"
"Chemical Technicians","0.058","7254.77","3781.135","52.119","717.83","9.895","2755.805","37.986"
"Roofers","0.064","7955.16","785.863","9.879","3615.27","45.446","3554.027","44.676"
"Pressers, Textile, Garment, and Related Materials","0.042","5285.82","4366.514","82.608","0","0","919.306","17.392"
"Healthcare Social Workers","0.086","10707.21","468.739","4.378","3852.923","35.984","6385.548","59.638"
"Compensation, Benefits, and Job Analysis Specialists","0.047","5873.75","736.247","12.535","3541.901","60.301","1595.601","27.165"
"First-Line Supervisors of Landscaping, Lawn Service, and Groundskeeping Workers","0.047","5897.21","1624.131","27.541","2649.595","44.93","1623.484","27.53"
"Art, Drama, and Music Teachers, Postsecondary","0.05","6230.18","448.283","7.195","3808.225","61.125","1973.673","31.679"
"Tax Preparers","0.039","4874.48","3478.646","71.364","745.69","15.298","650.143","13.338"
"Construction and Building Inspectors","0.079","9865.68","1642.423","16.648","2578.63","26.137","5644.627","57.215"
"Occupational Therapists","0.079","9824.66","1371.237","13.957","2839.022","28.897","5614.401","57.146"
"Extruding, Forming, Pressing, and Compacting Machine Setters, Operators, and Tenders","0.044","5516.73","3983.559","72.209","192.441","3.488","1340.73","24.303"
"Occupational Health and Safety Specialists","0.102","12749.76","128.037","1.004","4047.312","31.744","8574.412","67.252"
"Rotary Drill Operators, Oil and Gas","0.06","7452.98","3309.364","44.403","848.798","11.389","3294.818","44.208"
"Opticians, Dispensing","0.055","6873.11","3022.201","43.971","1096.549","15.954","2754.36","40.074"
"Switchboard Operators, Including Answering Service","0.041","5060.79","4097.495","80.966","0","0","963.295","19.034"
"Extruding and Drawing Machine Setters, Operators, and Tenders, Metal and Plastic","0.045","5674.07","3976.156","70.076","105.862","1.866","1592.052","28.058"
"Surgical Technologists","0.087","10899.75","2074.368","19.031","1964.734","18.025","6860.648","62.943"
"Machine Feeders and Offbearers","0.042","5289.79","3671.55","69.408","329.63","6.231","1288.609","24.36"
"Food Preparation and Serving Related Workers, All Other","0.04","4989.82","3464.272","69.427","515.911","10.339","1009.637","20.234"
"Security and Fire Alarm Systems Installers","0.07","8700.5","1490.82","17.135","2454.625","28.212","4755.055","54.653"
"Excavating and Loading Machine and Dragline Operators, Surface Mining","0.059","7427.74","1762.141","23.724","2159.636","29.075","3505.963","47.201"
"Derrick Operators, Oil and Gas","0.046","5728.83","3059.286","53.402","852.044","14.873","1817.5","31.726"
"Phlebotomists","0.08","9935.52","3407.259","34.294","468.034","4.711","6060.227","60.996"
"Engineers, All Other","0.077","9670.32","168.382","1.741","3699.119","38.252","5802.819","60.006"
"Business Teachers, Postsecondary","0.053","6659.85","320.885","4.818","3525.985","52.944","2812.98","42.238"
"Medical Transcriptionists","0.034","4266.86","3840.216","90.001","0","0","426.644","9.999"
"Civil Engineering Technologists and Technicians","0.048","6035.93","1547.208","25.633","2292.639","37.983","2196.083","36.384"
"Geological and Hydrologic Technicians","0.046","5735.49","3644.778","63.548","179.76","3.134","1910.952","33.318"
"Glaziers","0.045","5679.35","1759.502","30.981","2031.505","35.77","1888.343","33.249"
"Purchasing Managers","0.046","5801.92","2582.131","44.505","1180.946","20.354","2038.842","35.141"
"Helpers--Extraction Workers","0.049","6076.08","3341.715","54.998","385.15","6.339","2349.214","38.663"
"Physician Assistants","0.065","8084.59","808.737","10.003","2906.556","35.952","4369.298","54.045"
"Public Safety Telecommunicators","0.044","5452.8","3057.194","56.067","602.609","11.051","1792.996","32.882"
"Clinical, Counseling, and School Psychologists","0.07","8790.63","132.185","1.504","3520.543","40.049","5137.902","58.447"
"English Language and Literature Teachers, Postsecondary","0.045","5639.37","463.412","8.217","3106.309","55.083","2069.649","36.7"
"Family Medicine Physicians","0.07","8737.08","1402.971","16.058","2162.394","24.75","5171.716","59.193"
"Mathematical Science Teachers, Postsecondary","0.042","5274.19","1102.796","20.909","2373.325","44.999","1798.069","34.092"
"Water and Wastewater Treatment Plant and System Operators","0.074","9220.26","1725.063","18.709","1732.848","18.794","5762.349","62.497"
"Office Machine Operators, Except Computer","0.033","4116.65","3437.756","83.509","0","0","678.894","16.491"
"Weighers, Measurers, Checkers, and Samplers, Recordkeeping","0.036","4526.75","3437.068","75.928","0","0","1089.682","24.072"
"Meeting, Convention, and Event Planners","0.059","7409.48","746.006","10.068","2688.456","36.284","3975.018","53.648"
"Railroad Conductors and Yardmasters","0.046","5754.05","3285.367","57.097","131.96","2.293","2336.723","40.61"
"Geoscientists, Except Hydrologists and Geographers","0.053","6580.33","1586.535","24.11","1822.795","27.701","3171","48.189"
"Industrial Engineering Technologists and Technicians","0.045","5668.83","1146.629","20.227","2230.649","39.349","2291.552","40.424"
"Biological Technicians","0.055","6901.11","1969.081","28.533","1370.887","19.865","3561.143","51.602"
"Crossing Guards and Flaggers","0.046","5706.06","2254.351","39.508","1063.251","18.634","2388.458","41.858"
"Maintenance Workers, Machinery","0.052","6495.26","2966.599","45.673","347.46","5.349","3181.201","48.977"
"Interpreters and Translators","0.048","6033.92","0","0","3305.679","54.785","2728.241","45.215"
"Insulation Workers, Floor, Ceiling, and Wall","0.038","4728.35","3235.932","68.437","65.576","1.387","1426.842","30.176"
"Brokerage Clerks","0.032","4022.65","2812.615","69.919","475.215","11.813","734.82","18.267"
"Financial Examiners","0.038","4734.29","0","0","3264.929","68.963","1469.361","31.037"
"Grinding, Lapping, Polishing, and Buffing Machine Tool Setters, Operators, and Tenders, Metal and Plastic","0.034","4210.6","3009.461","71.473","249.182","5.918","951.957","22.609"
"Demonstrators and Product Promoters","0.043","5371.75","558.073","10.389","2663.21","49.578","2150.467","40.033"
"Surveyors","0.036","4499.9","2169.702","48.217","996.769","22.151","1333.429","29.632"
"Technical Writers","0.034","4278.81","1913.184","44.713","1169.263","27.327","1196.364","27.96"
"Reinforcing Iron and Rebar Workers","0.032","4050.18","2383.881","58.859","691.039","17.062","975.26","24.079"
"Healthcare Support Workers, All Other","0.056","7001.16","1274.776","18.208","1767.701","25.249","3958.683","56.543"
"Library Assistants, Clerical","0.034","4246.15","2923.927","68.861","92.487","2.178","1229.736","28.961"
"Crane and Tower Operators","0.051","6320.43","1366.272","21.617","1645.138","26.029","3309.02","52.354"
"Sawing Machine Setters, Operators, and Tenders, Wood","0.031","3859.47","2819.514","73.054","183.284","4.749","856.672","22.197"
"Educational Instruction and Library Workers, All Other","0.04","4941.87","1795.641","36.335","1201.367","24.31","1944.861","39.355"
"Woodworking Machine Setters, Operators, and Tenders, Except Sawing","0.032","3966.97","2782.722","70.147","200.14","5.045","984.109","24.808"
"Chemical Plant and System Operators","0.041","5064.36","2857.675","56.427","122.145","2.412","2084.54","41.161"
"Education Teachers, Postsecondary","0.04","4941.16","272.269","5.51","2698.782","54.618","1970.11","39.871"
"Logging Equipment Operators","0.037","4578.82","1654.651","36.137","1309.601","28.601","1614.568","35.262"
"Physical Therapist Assistants","0.065","8175.33","335.927","4.109","2579.15","31.548","5260.253","64.343"
"Commercial Pilots","0.039","4862.57","1995.305","41.034","913.346","18.783","1953.92","40.183"
"Social and Community Service Managers","0.053","6665.58","350.16","5.253","2544.409","38.172","3771.012","56.574"
"Property Appraisers and Assessors","0.03","3715.16","919.25","24.743","1939.887","52.215","856.023","23.041"
"Miscellaneous First-Line Supervisors, Protective Service Workers","0.043","5364.58","263.651","4.915","2577.917","48.054","2523.012","47.031"
"Producers and Directors","0.044","5508.91","0","0","2833.942","51.443","2674.968","48.557"
"Nursing Instructors and Teachers, Postsecondary","0.037","4631.43","168.437","3.637","2657.143","57.372","1805.851","38.991"
"Semiconductor Processing Technicians","0.03","3704.93","2782.185","75.094","42.428","1.145","880.317","23.761"
"Chemists","0.039","4859.63","1121.658","23.081","1688.596","34.747","2049.376","42.171"
"Mechanical Drafters","0.038","4796.83","320.18","6.675","2463.842","51.364","2012.809","41.961"
"Special Education Teachers, Middle School","0.073","9076.78","369.069","4.066","2409.208","26.543","6298.503","69.391"
"Helpers, Construction Trades, All Other","0.043","5340.77","1480.541","27.721","1289.804","24.15","2570.424","48.128"
"Pipelayers","0.036","4550.61","1959.277","43.055","743.28","16.334","1848.054","40.611"
"Boilermakers","0.037","4682.54","2376.748","50.758","320.747","6.85","1985.045","42.392"
"Biological Science Teachers, Postsecondary","0.034","4307.44","305.629","7.095","2358.14","54.746","1643.672","38.159"
"Brickmasons and Blockmasons","0.033","4082.64","1744.418","42.728","911.594","22.329","1426.627","34.944"
"Travel Agents","0.029","3600.54","2409.027","66.907","215.718","5.991","975.796","27.101"
"Public Relations and Fundraising Managers","0.041","5092.57","0","0","2612.718","51.305","2479.852","48.695"
"Dentists, General","0.074","9271.78","864.895","9.328","1739.926","18.766","6666.959","71.906"
"Budget Analysts","0.024","3020.07","507.583","16.807","2086.732","69.095","425.755","14.098"
"Insulation Workers, Mechanical","0.036","4486.51","2236.885","49.858","319.864","7.129","1929.761","43.013"
"Editors","0.038","4702.85","1261.801","26.831","1285.705","27.339","2155.344","45.831"
"Barbers","0.031","3870.6","817.477","21.12","1726.283","44.6","1326.839","34.28"
"Hazardous Materials Removal Workers","0.028","3488.55","1535.433","44.013","960.084","27.521","993.033","28.466"
"Molders, Shapers, and Casters, Except Metal and Plastic","0.025","3089.41","2419.948","78.33","55.844","1.808","613.618","19.862"
"Massage Therapists","0.052","6514.07","950.473","14.591","1518.694","23.314","4044.903","62.095"
"Adult Basic Education, Adult Secondary Education, and English as a Second Language Instructors","0.029","3646.98","214.348","5.877","2231.011","61.174","1201.621","32.948"
"Wellhead Pumpers","0.04","4951.68","1615.787","32.631","829.421","16.75","2506.472","50.619"
"Residential Advisors","0.045","5577.83","966.086","17.32","1469.01","26.337","3142.733","56.343"
"Veterinary Assistants and Laboratory Animal Caretakers","0.048","5981.14","1428.73","23.887","964.223","16.121","3588.188","59.992"
"Ophthalmic Laboratory Technicians","0.025","3090.59","2392.743","77.42","0","0","697.847","22.58"
"Physical Therapist Aides","0.041","5132.06","642.307","12.516","1740.571","33.916","2749.182","53.569"
"Interior Designers","0.035","4362.93","0","0","2382.023","54.597","1980.907","45.403"
"Plating Machine Setters, Operators, and Tenders, Metal and Plastic","0.025","3095.41","2363.88","76.367","17.416","0.563","714.114","23.07"
"Library Technicians","0.026","3220.78","2280.272","70.799","100.806","3.13","839.702","26.071"
"Print Binding and Finishing Workers","0.024","2996.71","2349.026","78.387","27.817","0.928","619.867","20.685"
"Cutting and Slicing Machine Setters, Operators, and Tenders","0.025","3105.42","2179.385","70.18","145.032","4.67","781.003","25.15"
"Audio and Video Technicians","0.036","4533.95","949.884","20.95","1353.083","29.843","2230.983","49.206"
"Probation Officers and Correctional Treatment Specialists","0.044","5523.56","0","0","2299.951","41.639","3223.609","58.361"
"Transportation Inspectors","0.027","3390.43","2111.686","62.284","185.222","5.463","1093.522","32.253"
"Mental Health and Substance Abuse Social Workers","0.043","5316.98","0","0","2296.042","43.183","3020.938","56.817"
"Gas Plant Operators","0.036","4467.87","1928.029","43.153","356.915","7.988","2182.926","48.858"
"Cardiovascular Technologists and Technicians","0.047","5834.21","1871.98","32.086","398.657","6.833","3563.573","61.081"
"Electrical and Electronics Repairers, Commercial and Industrial Equipment","0.036","4443.34","1309.777","29.477","960.073","21.607","2173.491","48.916"
"Ophthalmic Medical Technicians","0.054","6734.47","1689.439","25.086","573.594","8.517","4471.437","66.396"
"Aerospace Engineers","0.044","5483.97","224.302","4.09","2010.087","36.654","3249.581","59.256"
"Paving, Surfacing, and Tamping Equipment Operators","0.034","4185.37","1992.834","47.614","231.873","5.54","1960.663","46.846"
"Diagnostic Medical Sonographers","0.044","5556.09","985.983","17.746","1189.51","21.409","3380.598","60.845"
"Aircraft Structure, Surfaces, Rigging, and Systems Assemblers","0.025","3071.65","625.669","20.369","1529.763","49.803","916.217","29.828"
"Engineering Teachers, Postsecondary","0.028","3501.75","119.841","3.422","2024.019","57.8","1357.89","38.777"
"Medical Equipment Repairers","0.032","4050.52","935.12","23.086","1202.955","29.699","1912.445","47.215"
"Medical Equipment Preparers","0.027","3375.21","1846.016","54.693","288.068","8.535","1241.126","36.772"
"First-Line Supervisors of Police and Detectives","0.039","4838.85","919.835","19.009","1207.816","24.961","2711.199","56.03"
"Psychiatric Aides","0.043","5308.96","673.033","12.677","1427.997","26.898","3207.93","60.425"
"Food Processing Workers, All Other","0.02","2513.88","2095.762","83.368","0","0","418.118","16.632"
"Pharmacy Aides","0.02","2517.98","1789.676","71.076","293.551","11.658","434.753","17.266"
"Helpers--Carpenters","0.023","2892.24","1990.475","68.821","73.248","2.533","828.517","28.646"
"Tile and Stone Setters","0.024","2967.11","1213.019","40.882","845.914","28.51","908.177","30.608"
"Credit Authorizers, Checkers, and Clerks","0.018","2294.77","2050.915","89.373","0","0","243.855","10.627"
"Postsecondary Teachers, All Other","0.028","3448.1","119.977","3.48","1921.081","55.714","1407.042","40.806"
"Separating, Filtering, Clarifying, Precipitating, and Still Machine Setters, Operators, and Tenders","0.022","2806.46","1987.524","70.82","0","0","818.936","29.18"
"Skincare Specialists","0.041","5140.01","332.214","6.463","1626.034","31.635","3181.762","61.902"
"Chemical Engineers","0.057","7157.38","0","0","1953.65","27.296","5203.73","72.704"
"Medical Scientists, Except Epidemiologists","0.052","6482.27","0","0","1950.189","30.085","4532.081","69.915"
"Tree Trimmers and Pruners","0.021","2615.72","1266.131","48.405","671.149","25.658","678.44","25.937"
"Food Cooking Machine Operators and Tenders","0.02","2487.8","1820.81","73.19","100.34","4.033","566.649","22.777"
"Lathe and Turning Machine Tool Setters, Operators, and Tenders, Metal and Plastic","0.021","2656.15","1919.509","72.267","0","0","736.641","27.733"
"Fundraisers","0.031","3830.23","718.533","18.76","1184.332","30.921","1927.365","50.32"
"Meter Readers, Utilities","0.022","2781.89","1840.164","66.148","52.83","1.899","888.897","31.953"
"Chief Executives","0.044","5463.63","0","0","1885.491","34.51","3578.139","65.49"
"Health and Safety Engineers, Except Mining Safety Engineers and Inspectors","0.027","3386.32","0","0","1882.55","55.593","1503.77","44.407"
"Life, Physical, and Social Science Technicians, All Other","0.027","3425.23","1398.309","40.824","452.701","13.217","1574.22","45.96"
"Psychology Teachers, Postsecondary","0.025","3082.88","124.762","4.047","1723.707","55.912","1234.411","40.041"
"Millwrights","0.033","4153.81","1440.876","34.688","391.453","9.424","2321.48","55.888"
"Occupational Therapy Assistants","0.034","4212.25","171.548","4.073","1650.265","39.178","2390.437","56.75"
"Riggers","0.026","3247.96","1638.111","50.435","180.405","5.554","1429.444","44.011"
"Welding, Soldering, and Brazing Machine Setters, Operators, and Tenders","0.019","2398.88","1668.682","69.561","123.667","5.155","606.531","25.284"
"Environmental Scientists and Specialists, Including Health","0.037","4626.88","507.177","10.962","1250.308","27.023","2869.395","62.016"
"Tool and Die Makers","0.019","2429.08","1323.087","54.469","418.777","17.24","687.216","28.291"
"Photographers","0.024","3020.63","634.768","21.014","1067.421","35.338","1318.441","43.648"
"Orderlies","0.022","2741.96","1553.875","56.67","137.968","5.032","1050.117","38.298"
"Environmental Science and Protection Technicians, Including Health","0.02","2492.47","1062.873","42.643","620.592","24.899","809.005","32.458"
"Electrical and Electronics Drafters","0.025","3140.76","349.242","11.12","1324.503","42.171","1467.016","46.709"
"Grinding and Polishing Workers, Hand","0.018","2207.25","1590.046","72.037","76.064","3.446","541.14","24.516"
"Chefs and Head Cooks","0.042","5224","608.756","11.653","1041.067","19.929","3574.176","68.418"
"Psychiatric Technicians","0.035","4365.39","447.363","10.248","1190.286","27.266","2727.741","62.486"
"Conveyor Operators and Tenders","0.02","2488.59","1581.287","63.541","50.738","2.039","856.565","34.42"
"Surgeons, Except Ophthalmologists","0.03","3751.62","661.689","17.637","966.287","25.757","2123.644","56.606"
"General Internal Medicine Physicians","0.039","4841.33","301.702","6.232","1317.395","27.211","3222.233","66.557"
"Computer Science Teachers, Postsecondary","0.021","2620.97","109.996","4.197","1500.364","57.245","1010.61","38.559"
"Captains, Mates, and Pilots of Water Vessels","0.021","2654.68","1570.081","59.144","39.623","1.493","1044.976","39.364"
"Motor Vehicle Operators, All Other","0.02","2482.56","1534.011","61.792","74.026","2.982","874.522","35.227"
"Veterinarians","0.037","4652.95","402.076","8.641","1187.426","25.52","3063.448","65.839"
"Dental Laboratory Technicians","0.018","2303.91","827.859","35.933","760.766","33.021","715.286","31.047"
"Audiovisual Equipment Installers and Repairers","0.023","2869.26","549.605","19.155","1037.373","36.155","1282.281","44.69"
"Lodging Managers","0.027","3419.24","688.447","20.135","891.434","26.071","1839.359","53.794"
"Dietitians and Nutritionists","0.041","5152.54","90.549","1.757","1486.573","28.851","3575.418","69.391"
"Computer Hardware Engineers","0.022","2778.94","533.888","19.212","1043.005","37.532","1202.047","43.256"
"Communications Teachers, Postsecondary","0.019","2427.58","213.981","8.815","1358.847","55.975","854.752","35.21"
"Concierges","0.02","2501.26","1110.229","44.387","435.85","17.425","955.181","38.188"
"Earth Drillers, Except Oil and Gas; and Explosives Workers, Ordnance Handling Experts, and Blasters","0.022","2788.39","1219.626","43.739","320.243","11.485","1248.521","44.776"
"Credit Counselors","0.017","2124.24","395.971","18.641","1131.54","53.268","596.729","28.091"
"Mechanical Engineering Technologists and Technicians","0.021","2649.26","998.266","37.681","527.579","19.914","1123.415","42.405"
"Education and Childcare Administrators, Preschool and Daycare","0.031","3824.68","423.204","11.065","1099.18","28.739","2302.296","60.196"
"Tailors, Dressmakers, and Custom Sewers","0.016","1977.41","209.663","10.603","1312.254","66.362","455.493","23.035"
"Power Plant Operators","0.029","3576.09","1210.4","33.847","288.471","8.067","2077.219","58.086"
"Fence Erectors","0.019","2365.23","937.766","39.648","535.376","22.635","892.088","37.717"
"Nurse Anesthetists","0.037","4594.24","706.103","15.369","757.309","16.484","3130.828","68.147"
"Statisticians","0.014","1780.84","595.161","33.42","832.226","46.732","353.453","19.848"
"Occupational Health and Safety Technicians","0.027","3324.61","611.549","18.395","815.293","24.523","1897.768","57.082"
"News Analysts, Reporters, and Journalists","0.019","2324.26","234.512","10.09","1188.043","51.115","901.704","38.795"
"Financial Clerks, All Other","0.013","1571.15","1406.697","89.533","14.285","0.909","150.168","9.558"
"Computer Numerically Controlled Tool Programmers","0.016","1983.7","1256.128","63.322","155.937","7.861","571.635","28.817"
"Manicurists and Pedicurists","0.017","2106.8","488.179","23.172","919.837","43.66","698.784","33.168"
"First-Line Supervisors of Correctional Officers","0.026","3227.22","501.357","15.535","897.049","27.796","1828.814","56.668"
"Pump Operators, Except Wellhead Pumpers","0.017","2083.94","1396.15","66.996","0","0","687.79","33.004"
"Floral Designers","0.019","2374.99","423.545","17.834","968.992","40.8","982.452","41.367"
"History Teachers, Postsecondary","0.019","2320.28","200.559","8.644","1187.146","51.164","932.575","40.192"
"Art Directors","0.018","2272.85","0","0","1377.879","60.623","894.971","39.377"
"Transportation Security Screeners","0.021","2581.93","1102.115","42.686","251.903","9.756","1227.912","47.558"
"Funeral Attendants","0.021","2587.96","732.551","28.306","619.678","23.945","1235.731","47.749"
"Farm Equipment Mechanics and Service Technicians","0.021","2611.6","958.066","36.685","387.98","14.856","1265.555","48.459"
"Health Information Technologists, Medical Registrars, Surgical Assistants, and Healthcare Practitioners and Technical Workers, All Other","0.025","3111.2","490.933","15.78","853.201","27.424","1767.066","56.797"
"Political Science Teachers, Postsecondary","0.015","1890.56","101.147","5.35","1223.512","64.717","565.901","29.933"
"Optometrists","0.025","3115.74","378.221","12.139","937.584","30.092","1799.934","57.769"
"Insurance Appraisers, Auto Damage","0.012","1526.28","1313.986","86.091","0","0","212.294","13.909"
"Aircraft Service Attendants and Transportation Workers, All Other","0.017","2072.6","1301.373","62.789","0","0","771.227","37.211"
"Plasterers and Stucco Masons","0.017","2114.09","886.621","41.939","409.368","19.364","818.101","38.698"
"Broadcast Technicians","0.015","1836.79","908.873","49.482","377.557","20.555","550.36","29.963"
"Community and Social Service Specialists, All Other","0.023","2882.15","252.105","8.747","1025.076","35.566","1604.969","55.687"
"Prepress Technicians and Workers","0.013","1670.95","1149.31","68.782","127.58","7.635","394.06","23.583"
"Helpers--Brickmasons, Blockmasons, Stonemasons, and Tile and Marble Setters","0.016","1997.65","934.599","46.785","336.969","16.868","726.082","36.347"
"Coin, Vending, and Amusement Machine Servicers and Repairers","0.013","1632.47","1205.001","73.815","61.575","3.772","365.894","22.413"
"Outdoor Power Equipment and Other Small Engine Mechanics","0.019","2340.45","684.038","29.227","566.451","24.203","1089.961","46.571"
"Crushing, Grinding, and Polishing Machine Setters, Operators, and Tenders","0.015","1861.08","1239.322","66.592","0","0","621.758","33.408"
"Engine and Other Machine Assemblers","0.015","1841.23","949.127","51.549","286.441","15.557","605.662","32.894"
"Health Education Specialists","0.021","2604.35","254.368","9.767","979.936","37.627","1370.046","52.606"
"Food and Tobacco Roasting, Baking, and Drying Machine Operators and Tenders","0.014","1758.91","1188.306","67.559","43.485","2.472","527.119","29.969"
"Heat Treating Equipment Setters, Operators, and Tenders, Metal and Plastic","0.012","1546.44","1209.358","78.203","20.199","1.306","316.883","20.491"
"Magnetic Resonance Imaging Technologists","0.021","2672.07","605.325","22.654","613.534","22.961","1453.211","54.385"
"Word Processors and Typists","0.011","1338.04","1151.245","86.04","59.272","4.43","127.523","9.531"
"First-Line Supervisors of Firefighting and Prevention Workers","0.02","2462.65","384.405","15.609","810.988","32.932","1267.257","51.459"
"Rehabilitation Counselors","0.02","2552.19","247.497","9.697","936.248","36.684","1368.446","53.618"
"Clergy","0.026","3297.81","0","0","1169.678","35.468","2128.132","64.532"
"Community Health Workers","0.021","2585.84","225.466","8.719","918.273","35.512","1442.102","55.769"
"Broadcast Announcers and Radio Disc Jockeys","0.017","2108.94","187.53","8.892","938.367","44.495","983.043","46.613"
"Legal Support Workers, All Other","0.014","1764.91","904.156","51.23","209.346","11.862","651.408","36.909"
"Morticians, Undertakers, and Funeral Arrangers","0.018","2292.77","147.103","6.416","958.727","41.815","1186.939","51.769"
"Upholsterers","0.012","1550.04","396.842","25.602","703.526","45.388","449.672","29.01"
"Special Effects Artists and Animators","0.018","2271.36","0","0","1091.294","48.046","1180.066","51.954"
"Jewelers and Precious Stone and Metal Workers","0.013","1571.93","372.361","23.688","718.037","45.679","481.533","30.633"
"Environmental Engineers","0.023","2855.06","24.484","0.858","1034.314","36.227","1796.262","62.915"
"Data Scientists and Mathematical Science Occupations, All Other","0.014","1805.69","910.608","50.43","139.447","7.723","755.635","41.847"
"Recreation and Fitness Studies Teachers, Postsecondary","0.014","1697.18","126.215","7.437","915.114","53.92","655.851","38.644"
"Baggage Porters and Bellhops","0.012","1486.13","426.15","28.675","594.161","39.98","465.819","31.344"
"Social Sciences Teachers, Postsecondary, All Other","0.012","1525.36","118.63","7.777","877.369","57.519","529.361","34.704"
"Underground Mining Machine Operators and Extraction Workers, All Other","0.014","1806.57","776.852","43.001","217.912","12.062","811.806","44.936"
"Gambling Service Workers, All Other","0.01","1215.8","878.104","72.224","109.59","9.014","228.107","18.762"
"Elevator and Escalator Installers and Repairers","0.023","2838.3","532.668","18.767","454.166","16.001","1851.466","65.232"
"Helpers--Painters, Paperhangers, Plasterers, and Stucco Masons","0.012","1539.04","982.683","63.85","0","0","556.357","36.15"
"Labor Relations Specialists","0.018","2186.28","58.819","2.69","921.396","42.144","1206.064","55.165"
"Milling and Planing Machine Setters, Operators, and Tenders, Metal and Plastic","0.01","1213.1","931.882","76.818","44.687","3.684","236.531","19.498"
"Radiation Therapists","0.017","2129.46","691.472","32.472","268.481","12.608","1169.507","54.92"
"Radio, Cellular, and Tower Equipment Installers and Repairers","0.015","1830.97","323.98","17.694","634.742","34.667","872.247","47.639"
"Writers and Authors","0.017","2064.92","53.755","2.603","903.913","43.775","1107.252","53.622"
"Foreign Language and Literature Teachers, Postsecondary","0.012","1525.36","170.859","11.201","784.449","51.427","570.052","37.372"
"Education Administrators, All Other","0.015","1918.43","18.229","0.95","929.667","48.46","970.535","50.59"
"Shoe and Leather Workers and Repairers","0.01","1187.62","925.082","77.894","8.533","0.719","254.005","21.388"
"Natural Sciences Managers","0.021","2649.13","0","0","922.377","34.818","1726.753","65.182"
"Anesthesiologists","0.022","2746.65","160.136","5.83","757.033","27.562","1829.482","66.608"
"Rolling Machine Setters, Operators, and Tenders, Metal and Plastic","0.011","1320.39","855.128","64.763","60.048","4.548","405.213","30.689"
"Electro-Mechanical and Mechatronics Technologists and Technicians","0.012","1511.2","771.716","51.066","143.207","9.476","596.276","39.457"
"Real Estate Brokers","0.014","1800.22","285.622","15.866","623.582","34.639","891.016","49.495"
"Philosophy and Religion Teachers, Postsecondary","0.011","1417.92","128.482","9.061","776.595","54.77","512.844","36.169"
"Sailors and Marine Oilers","0.013","1631.22","746.496","45.763","146.542","8.984","738.182","45.253"
"Chemistry Teachers, Postsecondary","0.012","1460.85","101.404","6.941","781.372","53.487","578.074","39.571"
"Social Workers, All Other","0.014","1750.87","189.664","10.833","673.779","38.483","887.427","50.685"
"Aerospace Engineering and Operations Technologists and Technicians","0.011","1370.95","460.991","33.626","396.285","28.906","513.674","37.468"
"Miscellaneous Construction and Related Workers","0.013","1642.22","455.124","27.714","396.419","24.139","790.677","48.147"
"Cleaning, Washing, and Metal Pickling Equipment Operators and Tenders","0.01","1256.47","827.741","65.878","0","0","428.729","34.122"
"Physical Scientists, All Other","0.011","1400.26","408.845","29.198","415.509","29.674","575.907","41.129"
"Criminal Justice and Law Enforcement Teachers, Postsecondary","0.01","1235.31","123.533","10","697.744","56.483","414.033","33.517"
"Career/Technical Education Teachers, Middle School","0.013","1664.99","94.39","5.669","725.155","43.553","845.445","50.778"
"Automotive Glass Installers and Repairers","0.015","1902.58","625.944","32.9","193.408","10.166","1083.228","56.935"
"Chiropractors","0.019","2390.88","276.339","11.558","541.958","22.668","1572.584","65.774"
"Materials Engineers","0.018","2210.18","61.961","2.803","742.754","33.606","1405.465","63.591"
"Rail Car Repairers","0.016","1969.98","728.929","37.002","74.154","3.764","1166.897","59.234"
"Athletic Trainers","0.017","2131.2","123.006","5.772","658.272","30.887","1349.922","63.341"
"Training and Development Managers","0.014","1708.75","0","0","779.883","45.641","928.867","54.359"
"Tour and Travel Guides","0.011","1420.55","309.191","21.766","463.936","32.659","647.423","45.576"
"Septic Tank Servicers and Sewer Pipe Cleaners","0.009","1142.96","433.547","37.932","332.726","29.111","376.687","32.957"
"Pediatricians, General","0.019","2399.22","0","0","762.278","31.772","1636.942","68.228"
"Locksmiths and Safe Repairers","0.009","1146.98","598.379","52.17","157.174","13.703","391.427","34.127"
"Drilling and Boring Machine Tool Setters, Operators, and Tenders, Metal and Plastic","0.008","976.99","642.964","65.811","110.79","11.34","223.236","22.849"
"Rail-Track Laying and Maintenance Equipment Operators","0.01","1218.18","580.253","47.633","171.721","14.097","466.206","38.271"
"Law Teachers, Postsecondary","0.009","1074.14","75.11","6.993","672.192","62.58","326.838","30.428"
"First-Line Supervisors of Farming, Fishing, and Forestry Workers","0.019","2426.7","529.214","21.808","216.123","8.906","1681.363","69.286"
"Gambling and Sports Book Writers and Runners","0.007","901.85","734.979","81.497","3.85","0.427","163.02","18.076"
"Material Moving Workers, All Other","0.008","1016.35","574.327","56.509","161.512","15.891","280.511","27.6"
"Commercial and Industrial Designers","0.01","1291.42","42.001","3.252","676.784","52.406","572.635","44.342"
"Mechanical Door Repairers","0.011","1364.48","514.196","37.684","197.441","14.47","652.843","47.846"
"Social Scientists and Related Workers, All Other","0.009","1118.85","283.05","25.298","427.599","38.218","408.201","36.484"
"Physics Teachers, Postsecondary","0.009","1127.96","73.269","6.496","629.966","55.85","424.724","37.654"
"Actuaries","0.007","893.7","242.01","27.08","460.291","51.504","191.399","21.417"
"Social Science Research Assistants","0.011","1377.75","431.208","31.298","266.669","19.355","679.873","49.347"
"Air Traffic Controllers","0.011","1325.02","547.838","41.346","147","11.094","630.182","47.56"
"Sociology Teachers, Postsecondary","0.008","1009.78","78.533","7.777","580.813","57.519","350.434","34.704"
"Motorboat Mechanics and Service Technicians","0.011","1319.09","485.884","36.835","172.078","13.045","661.128","50.12"
"Furniture Finishers","0.007","880.48","369.43","41.958","288.219","32.734","222.831","25.308"
"Fallers","0.009","1088.56","642.505","59.023","14.966","1.375","431.089","39.602"
"Forensic Science Technicians","0.008","1033.99","553.782","53.558","99.246","9.598","380.962","36.844"
"Door-to-Door Sales Workers, News and Street Vendors, and Related Workers","0.008","939.37","329.4","35.066","322.049","34.284","287.92","30.65"
"Counselors, All Other","0.011","1375.97","133.434","9.697","504.762","36.684","737.774","53.618"
"Urban and Regional Planners","0.012","1543.75","0","0","631.734","40.922","912.016","59.078"
"Psychiatrists","0.012","1497.66","0","0","625.027","41.734","872.633","58.266"
"Cartographers and Photogrammetrists","0.008","948.36","263.787","27.815","349.49","36.852","335.084","35.333"
"Agricultural and Food Science Technicians","0.01","1190.87","309.472","25.987","303.66","25.499","577.738","48.514"
"Coil Winders, Tapers, and Finishers","0.006","767.43","606.931","79.086","0","0","160.499","20.914"
"Advertising and Promotions Managers","0.009","1101.22","0","0","594.702","54.004","506.518","45.996"
"Landscape Architects","0.008","1051.09","0","0","592.463","56.367","458.627","43.633"
"Avionics Technicians","0.01","1291.06","157.925","12.232","426.747","33.054","706.388","54.714"
"Recreational Therapists","0.012","1455.18","126.49","8.692","456.197","31.35","872.493","59.958"
"Electrical and Electronics Repairers, Powerhouse, Substation, and Relay","0.012","1458.42","328.614","22.532","252.687","17.326","877.119","60.142"
"Dietetic Technicians","0.015","1902.02","28.814","1.515","551.332","28.987","1321.874","69.498"
"Recreational Vehicle Service Technicians","0.008","1011.99","329.476","32.557","250.587","24.762","431.927","42.681"
"Biochemists and Biophysicists","0.012","1468.39","66.017","4.496","513.179","34.948","889.195","60.556"
"Obstetricians and Gynecologists","0.013","1627.25","126.812","7.793","451.385","27.739","1049.053","64.468"
"Home Appliance Repairers","0.009","1144.56","351.967","30.751","209.723","18.323","582.87","50.925"
"Environmental Engineering Technologists and Technicians","0.007","922.1","423.354","45.912","137.761","14.94","360.986","39.148"
"Etchers and Engravers","0.006","719.65","524.738","72.916","32.352","4.496","162.559","22.589"
"Power Distributors and Dispatchers","0.009","1099.89","515.246","46.845","30.198","2.746","554.447","50.409"
"Agricultural Sciences Teachers, Postsecondary","0.007","880.81","38.436","4.364","505.383","57.377","336.992","38.259"
"Airfield Operations Specialists","0.009","1100.61","396.256","36.003","144.759","13.153","559.595","50.844"
"Stationary Engineers and Boiler Operators","0.008","1053.13","475.726","45.173","64.985","6.171","512.419","48.657"
"Economics Teachers, Postsecondary","0.007","923.81","55.305","5.987","485.081","52.509","383.424","41.505"
"Atmospheric, Earth, Marine, and Space Sciences Teachers, Postsecondary","0.007","880.81","81.514","9.254","447.77","50.836","351.526","39.909"
"Court Reporters and Simultaneous Captioners","0.005","588.37","523.538","88.981","0","0","64.832","11.019"
"Conservation Scientists","0.011","1419.36","37.134","2.616","484.91","34.164","897.317","63.22"
"Crematory Operators and Personal Care and Service Workers, All Other","0.011","1389.26","238.147","17.142","283.643","20.417","867.469","62.441"
"Metal-Refining Furnace Operators and Tenders","0.006","751.64","512.696","68.21","2.33","0.31","236.614","31.48"
"Metal Workers and Plastic Workers, All Other","0.006","726.53","436.203","60.039","78.117","10.752","212.21","29.209"
"Musicians and Singers","0.016","2042.91","0","0","510.095","24.969","1532.815","75.031"
"Forging Machine Setters, Operators, and Tenders, Metal and Plastic","0.006","756.79","493.273","65.18","14.731","1.947","248.785","32.874"
"Media and Communication Workers, All Other","0.008","960.26","111.996","11.663","377.042","39.265","471.222","49.072"
"Film and Video Editors","0.009","1164.84","53.834","4.622","434.966","37.341","676.04","58.037"
"Helpers--Roofers","0.007","873.16","228.642","26.186","259.628","29.734","384.89","44.08"
"Nuclear Medicine Technologists","0.01","1249.15","293.99","23.535","190.037","15.213","765.122","61.251"
"Biological Scientists, All Other","0.011","1352.92","169.591","12.535","303.073","22.401","880.256","65.063"
"Camera Operators, Television, Video, and Film","0.008","1047.37","63.907","6.102","401.102","38.296","582.361","55.602"
"Fiberglass Laminators and Fabricators","0.005","590.38","403.644","68.37","55.873","9.464","130.863","22.166"
"Motorcycle Mechanics","0.008","951.49","207.845","21.844","243.772","25.62","499.873","52.536"
"Plant and System Operators, All Other","0.006","757.32","384.328","50.748","62.456","8.247","310.536","41.005"
"Agents and Business Managers of Artists, Performers, and Athletes","0.006","721.67","133.94","18.56","303.337","42.033","284.393","39.408"
"Architecture Teachers, Postsecondary","0.005","623.04","37.578","6.031","399.336","64.095","186.127","29.874"
"Compensation and Benefits Managers","0.008","958.7","28.594","2.983","398.325","41.549","531.781","55.469"
"Precision Instrument and Equipment Repairers, All Other","0.006","739.62","348.547","47.125","76.628","10.36","314.445","42.514"
"Private Detectives and Investigators","0.005","631.06","196.426","31.126","226.176","35.841","208.458","33.033"
"Fire Inspectors and Investigators","0.009","1114.46","114.267","10.253","298.122","26.75","702.071","62.997"
"Furnace, Kiln, Oven, Drier, and Kettle Operators and Tenders","0.005","590.52","368.573","62.415","43.118","7.302","178.83","30.283"
"Computer and Information Research Scientists","0.01","1307.19","0","0","411.688","31.494","895.502","68.506"
"Medical Appliance Technicians","0.005","602.74","18.829","3.124","392.254","65.079","191.657","31.798"
"Acupuncturists and Healthcare Diagnosing or Treating Practitioners, All Other","0.009","1162.47","75.692","6.511","333.683","28.705","753.095","64.784"
"Painting, Coating, and Decorating Workers","0.004","538.71","366.027","67.945","36.421","6.761","136.262","25.294"
"Special Education Teachers, All Other","0.013","1606.01","6.017","0.375","394.335","24.554","1205.658","75.072"
"Textile Cutting Machine Setters, Operators, and Tenders","0.004","536.56","386.579","72.048","12.574","2.343","137.407","25.609"
"Animal Control Workers","0.007","858.35","172.307","20.074","226.559","26.395","459.484","53.531"
"Social Work Teachers, Postsecondary","0.005","612.28","20.12","3.286","377.76","61.697","214.399","35.017"
"Physicists","0.006","753.95","111.548","14.795","268.656","35.633","373.746","49.572"
"Grounds Maintenance Workers, All Other","0.005","650.33","148.392","22.818","224.993","34.597","276.945","42.585"
"Drafters, All Other","0.006","709.29","22.812","3.216","348.686","49.16","337.792","47.624"
"Tapers","0.004","502.16","297.43","59.23","66.785","13.299","137.945","27.47"
"Area, Ethnic, and Cultural Studies Teachers, Postsecondary","0.005","601.56","40.832","6.788","317.699","52.812","243.03","40.4"
"Farmers, Ranchers, and Other Agricultural Managers","0.008","960.32","121.63","12.666","236.474","24.625","602.216","62.71"
"Musical Instrument Repairers and Tuners","0.004","540.93","244.49","45.198","104.903","19.393","191.537","35.409"
"Atmospheric and Space Scientists","0.005","562.01","219.297","39.02","129.763","23.089","212.95","37.891"
"Electronic Equipment Installers and Repairers, Motor Vehicles","0.004","548.2","305.086","55.652","40.253","7.343","202.861","37.005"
"Shampooers","0.007","839.87","70.575","8.403","273.347","32.546","495.947","59.05"
"Umpires, Referees, and Other Sports Officials","0.006","744.98","203.152","27.27","136.711","18.351","405.117","54.38"
"Desktop Publishers","0.004","450.71","208.999","46.371","129.545","28.742","112.166","24.887"
"Ambulance Drivers and Attendants, Except Emergency Medical Technicians","0.005","608.69","212.71","34.946","119.281","19.596","276.698","45.458"
"Tank Car, Truck, and Ship Loaders","0.004","508.62","308.05","60.566","21.651","4.257","178.919","35.177"
"Adhesive Bonding Machine Operators and Tenders","0.003","429.4","306.415","71.359","22.98","5.352","100.004","23.289"
"Animal Trainers","0.008","953.43","36.456","3.824","289.865","30.402","627.108","65.774"
"Carpet Installers","0.005","566.81","68.361","12.061","256.218","45.204","242.231","42.736"
"Bioengineers and Biomedical Engineers","0.005","681.88","51.275","7.52","267.452","39.223","363.152","53.257"
"Foundry Mold and Coremakers","0.003","365.21","309.005","84.61","0","0","56.205","15.39"
"Choreographers","0.005","676.7","0","0","299.79","44.302","376.91","55.698"
"Electric Motor, Power Tool, and Related Repairers","0.005","637.41","258.81","40.603","35.881","5.629","342.719","53.767"
"Economists","0.005","668.88","7.941","1.187","277.076","41.424","383.863","57.389"
"Railroad Brake, Signal, and Switch Operators and Locomotive Firers","0.004","444.88","254.892","57.295","29.498","6.63","160.49","36.075"
"Pesticide Handlers, Sprayers, and Applicators, Vegetation","0.004","511.72","127.761","24.967","148.84","29.086","235.119","45.947"
"Locker Room, Coatroom, and Dressing Room Attendants","0.004","438.81","65.072","14.829","209.608","47.767","164.129","37.403"
"Music Directors and Composers","0.007","930.49","0","0","270.964","29.121","659.526","70.879"
"Marriage and Family Therapists","0.004","548.21","45.277","8.259","218.897","39.929","284.036","51.812"
"Exercise Physiologists","0.005","581.75","3.925","0.675","258.835","44.492","318.991","54.833"
"Photographic Process Workers and Processing Machine Operators","0.003","353.33","217.056","61.432","44.711","12.654","91.562","25.914"
"Audiologists","0.005","595.44","70.693","11.872","187.329","31.461","337.418","56.667"
"Statistical Assistants","0.002","293.52","159.058","54.19","94.205","32.095","40.257","13.715"
"Wind Turbine Service Technicians","0.008","1020.45","11.385","1.116","237.58","23.282","771.485","75.602"
"Motion Picture Projectionists","0.003","419.57","181.421","43.24","63.87","15.223","174.279","41.537"
"Microbiologists","0.008","937.99","0","0","244.849","26.104","693.141","73.896"
"Pourers and Casters, Metal","0.002","311.45","220.482","70.792","22.763","7.309","68.204","21.899"
"Funeral Home Managers","0.006","692.38","50.487","7.292","191.985","27.728","449.907","64.98"
"Emergency Management Directors","0.004","449.2","14.524","3.233","225.753","50.257","208.923","46.51"
"Correspondence Clerks","0.002","269.98","177.522","65.754","61.896","22.926","30.561","11.32"
"Anthropology and Archeology Teachers, Postsecondary","0.003","365.25","22.061","6.04","216.9","59.384","126.289","34.576"
"Marine Engineers and Naval Architects","0.004","487.75","88.992","18.245","149.107","30.57","249.65","51.184"
"Special Education Teachers, Preschool","0.006","788.87","0","0","234.97","29.786","553.9","70.214"
"Cooling and Freezing Equipment Operators and Tenders","0.003","322.15","221.726","68.827","11.47","3.561","88.953","27.612"
"Woodworkers, All Other","0.002","310.6","216.82","69.807","15.618","5.028","78.162","25.165"
"Pile Driver Operators","0.004","458.35","148.52","32.403","83.591","18.237","226.239","49.359"
"Environmental Science Teachers, Postsecondary","0.003","365.25","28.904","7.913","198.506","54.348","137.84","37.739"
"Library Science Teachers, Postsecondary","0.003","333.03","23.346","7.01","203.551","61.121","106.133","31.869"
"Craft Artists","0.003","396.92","45.749","11.526","178.293","44.919","172.878","43.555"
"Parking Enforcement Workers","0.003","334.12","213.222","63.816","10.434","3.123","110.464","33.061"
"Museum Technicians and Conservators","0.004","442.03","103.646","23.448","116.697","26.4","221.687","50.152"
"Psychologists, All Other","0.004","521.91","0","0","220.058","42.164","301.852","57.836"
"Survey Researchers","0.003","418.51","99.751","23.835","118.196","28.242","200.563","47.923"
"Textile, Apparel, and Furnishings Workers, All Other","0.003","343.44","122.297","35.609","89.345","26.015","131.798","38.376"
"Orthotists and Prosthetists","0.003","435.5","76.93","17.665","129.253","29.679","229.317","52.656"
"Tool Grinders, Filers, and Sharpeners","0.002","268.34","190.67","71.055","13.114","4.887","64.556","24.057"
"Judicial Law Clerks","0.002","304.65","119.403","39.193","82.91","27.215","102.337","33.592"
"Curators","0.005","609.62","0","0","201.08","32.984","408.54","67.016"
"Orthodontists","0.005","576.01","33.15","5.755","167.61","29.098","375.25","65.146"
"Mining and Geological Engineers, Including Mining Safety Engineers","0.004","534.43","82.058","15.354","117.114","21.914","335.257","62.732"
"Athletes and Sports Competitors","0.004","469.23","0","0","198.086","42.215","271.144","57.785"
"Layout Workers, Metal and Plastic","0.002","311.19","158.747","51.013","38.771","12.459","113.672","36.528"
"Cutters and Trimmers, Hand","0.002","229.63","191.274","83.297","3.661","1.594","34.695","15.109"
"Food Scientists and Technologists","0.004","515.33","0","0","194.013","37.648","321.317","62.352"
"Therapists, All Other","0.004","453.09","63.214","13.952","130.535","28.81","259.341","57.238"
"Actors","0.006","769.51","0","0","192.511","25.017","576.999","74.983"
"Lighting Technicians and Media and Communication Equipment Workers, All Other","0.003","349.41","73.928","21.158","102.128","29.229","173.354","49.613"
"Electrical and Electronics Installers and Repairers, Transportation Equipment","0.003","362.96","35.935","9.901","140.022","38.578","187.003","51.522"
"Fine Artists, Including Painters, Sculptors, and Illustrators","0.003","362.9","10.294","2.837","165.659","45.649","186.947","51.515"
"Materials Scientists","0.003","388.88","0","0","168.215","43.256","220.665","56.744"
"Epidemiologists","0.005","678.55","0","0","167.01","24.613","511.54","75.387"
"Motorboat Operators","0.002","252.1","158.922","63.039","7.183","2.849","85.995","34.112"
"Anthropologists and Archeologists","0.002","291.97","0","0","163.658","56.053","128.312","43.947"
"Sound Engineering Technicians","0.003","396.23","63.596","16.05","99.09","25.008","233.544","58.941"
"Embalmers","0.004","510.75","34.881","6.829","122.209","23.927","353.66","69.243"
"Telephone Operators","0.002","195.55","146.999","75.172","9.953","5.09","38.598","19.738"
"Geography Teachers, Postsecondary","0.002","236.35","19.97","8.449","134.437","56.881","81.943","34.67"
"Zoologists and Wildlife Biologists","0.003","320.21","5.621","1.755","147.919","46.194","166.671","52.05"
"Airline Pilots, Copilots, and Flight Engineers","0.002","242.27","148.517","61.302","4.393","1.813","89.36","36.884"
"Commercial Divers","0.002","226.37","95.118","42.019","57.709","25.493","73.543","32.488"
"Aircraft Cargo Handling Supervisors","0.002","293.63","103.058","35.098","49.712","16.93","140.86","47.972"
"Podiatrists","0.004","480.1","18.985","3.954","133.42","27.79","327.695","68.256"
"Cooks, All Other","0.004","485.36","56.237","11.587","95.539","19.684","333.583","68.729"
"Locomotive Engineers","0.002","233.27","146.302","62.718","0","0","86.968","37.282"
"Occupational Therapy Aides","0.003","391.07","6.079","1.555","139.178","35.589","245.812","62.856"
"Extruding and Forming Machine Setters, Operators, and Tenders, Synthetic and Glass Fibers","0.001","182.48","144.938","79.427","0","0","37.542","20.573"
"First-Line Supervisors of Gambling Services Workers","0.002","240.54","61.85","25.713","81.302","33.8","97.387","40.487"
"Continuous Mining Machine Operators","0.002","252.76","110.179","43.59","25.537","10.103","117.044","46.306"
"Passenger Attendants","0.002","222.39","135.298","60.838","0","0","87.092","39.162"
"Set and Exhibit Designers","0.002","284.1","18.1","6.371","116.361","40.958","149.639","52.671"
"Entertainment Attendants and Related Workers, All Other","0.002","204.48","117.987","57.701","12.507","6.116","73.987","36.183"
"Traffic Technicians","0.002","221.5","99.361","44.858","30.467","13.755","91.672","41.387"
"Miscellaneous Entertainers and Performers, Sports and Related Workers","0.002","201.78","0","0","128.421","63.644","73.359","36.356"
"Directors, Religious Activities and Education","0.002","238.33","8.338","3.498","111.768","46.896","118.225","49.606"
"Farm and Home Management Educators","0.002","249.2","0","0","119.726","48.044","129.474","51.956"
"Textile Knitting and Weaving Machine Setters, Operators, and Tenders","0.001","171.72","105.175","61.248","13.924","8.109","52.621","30.643"
"Soil and Plant Scientists","0.003","416.87","0","0","118.722","28.479","298.148","71.521"
"Gambling Change Persons and Booth Cashiers","0.001","139.42","113.004","81.053","0","0","26.416","18.947"
"Proofreaders and Copy Markers","0.001","124.43","91.856","73.822","10.49","8.43","22.084","17.748"
"Agricultural Inspectors","0.002","309.04","38.024","12.304","63.629","20.589","207.387","67.107"
"Manufactured Building and Mobile Home Installers","0.001","150.54","55.042","36.563","45.259","30.065","50.238","33.372"
"Arbitrators, Mediators, and Conciliators","0.002","235.35","2.708","1.151","92.958","39.498","139.684","59.352"
"Rock Splitters, Quarry","0.001","121.76","95.655","78.56","0","0","26.105","21.44"
"Animal Breeders","0.002","256.11","28.05","10.952","67.483","26.349","160.577","62.698"
"Family and Consumer Sciences Teachers, Postsecondary","0.001","150.39","13.197","8.775","79.739","53.021","57.454","38.203"
"Forest and Conservation Technicians","0.002","249.19","22.652","9.09","65.694","26.363","160.844","64.547"
"Patternmakers, Metal and Plastic","0.001","107.38","63.232","58.886","20.697","19.275","23.451","21.839"
"Archivists","0.002","201.35","12.042","5.981","71.837","35.678","117.471","58.342"
"Religious Workers, All Other","0.001","181.59","0","0","83.51","45.988","98.08","54.012"
"Mathematicians","0.001","128.99","20.835","16.152","58.637","45.459","49.518","38.389"
"Subway and Streetcar Operators","0.001","103.84","76.912","74.068","0","0","26.928","25.932"
"Model Makers, Metal and Plastic","0.001","107.17","59.187","55.228","17.652","16.471","30.33","28.301"
"Genetic Counselors","0.001","151.43","10.584","6.989","64.914","42.868","75.931","50.143"
"Fashion Designers","0.001","169.96","0","0","74.858","44.045","95.102","55.955"
"Hydrologists","0.001","177.12","21.892","12.36","41.903","23.658","113.325","63.982"
"Forestry and Conservation Science Teachers, Postsecondary","0.001","96.69","3.251","3.362","58.308","60.304","35.131","36.334"
"Ship Engineers","0.001","118.6","43.411","36.603","18.125","15.282","57.064","48.115"
"Life Scientists, All Other","0.001","182.6","16.663","9.125","43.278","23.701","122.659","67.174"
"Floor Layers, Except Carpet, Wood, and Hard Tiles","0.001","98.17","13.096","13.34","46.057","46.916","39.016","39.744"
"Oral and Maxillofacial Surgeons","0.001","162.86","3.978","2.443","53.606","32.915","105.276","64.642"
"Costume Attendants","0.001","140.41","31.796","22.645","24.636","17.546","83.977","59.809"
"Animal Scientists","0.002","225.59","0","0","52.529","23.285","173.061","76.715"
"Nurse Midwives","0.001","119.52","15.854","13.264","34.156","28.578","69.511","58.158"
"Political Scientists","0.001","90","0.736","0.817","49.206","54.673","40.058","44.509"
"Nuclear Engineers","0.002","214.86","0","0","49.429","23.005","165.431","76.995"
"Sewers, Hand","0","56.72","46.002","81.103","0.838","1.478","9.88","17.418"
"Log Graders and Scalers","0.001","64.4","46.044","71.497","0","0","18.356","28.503"
"Geographers","0.001","83.05","10.629","12.798","31.795","38.284","40.626","48.917"
"Gas Compressor and Gas Pumping Station Operators","0.001","64.26","37.175","57.85","4.308","6.704","22.777","35.446"
"Historians","0.001","88.36","19.405","21.961","21.081","23.858","47.874","54.181"
"Building Cleaning Workers, All Other","0","48.15","17.004","35.314","16.373","34.005","14.773","30.681"
"Textile Winding, Twisting, and Drawing Out Machine Setters, Operators, and Tenders","0","42.87","31.113","72.575","0.587","1.369","11.17","26.056"
"Artists and Related Workers, All Other","0.001","116.77","0","0","29.213","25.017","87.557","74.983"
"Designers, All Other","0","49.49","0","0","28.437","57.46","21.053","42.54"
"Dentists, All Other Specialists","0.001","96.9","9.007","9.295","18.133","18.713","69.76","71.992"
"Loading and Moving Machine Operators, Underground Mining","0","37.43","22.391","59.822","2.629","7.025","12.409","33.153"
"Forest and Conservation Workers","0","27.68","0.421","1.522","12.371","44.694","14.887","53.783"
"Foresters","0","34.62","0.818","2.363","11.824","34.153","21.978","63.484"
"Agricultural Workers, All Other","0","20.77","9.955","47.93","1.972","9.497","8.842","42.573"
"Hoist and Winch Operators","0","0","0","0","0","0","0","0"
"Dredge Operators","0","0","0","0","0","0","0","0"
"Stonemasons","0","0","0","0","0","0","0","0"
"Terrazzo Workers and Finishers","0","0","0","0","0","0","0","0"
"Dancers","0","0","0","0","0","0","0","0"
"Hearing Aid Specialists","0","0","0","0","0","0","0","0"
"Fabric and Apparel Patternmakers","0","0","0","0","0","0","0","0"
"Signal and Track Switch Repairers","0","0","0","0","0","0","0","0"
"Tire Builders","0","0","0","0","0","0","0","0"
"Bicycle Repairers","0","0","0","0","0","0","0","0"
"Rail Yard Engineers, Dinkey Operators, and Hostlers","0","0","0","0","0","0","0","0"
"Watch and Clock Repairers","0","0","0","0","0","0","0","0"
"Gambling Dealers","0","0","0","0","0","0","0","0"
"Middle School Teachers, Except Special and Career/Technical Education","0","0","0","0","0","0","0","0"